0;1;2;3;4;5;6;7;8;9;10;11;12;13;14;15;16;17;18;19;20;21;22;23;24;25;26;27;28;29;;;;;;
2;2;2;2;1;2;1;2;1;2;1;2;2;1;1;2;2;2;2;2;2;2;2;2;2;2;2;2;2;2;6;0.2;0.3;0.4;0.5;0
2;2;2;2;1;2;1;2;1;2;1;2;2;1;1;2;2;2;2;2;2;2;2;2;2;2;2;2;2;2;6;0.2;0.3;0.4;0.5;1
2;2;2;2;1;2;1;2;1;2;1;2;2;1;1;2;2;2;2;2;2;2;2;2;2;2;2;2;2;2;6;0.2;0.3;0.433333333;0.5;2
2;2;2;2;1;2;1;2;1;2;1;2;2;1;1;2;2;2;2;2;2;2;2;2;2;2;2;2;2;2;6;0.2;0.3;0.433333333;0.533333333;3
2;2;2;2;1;2;1;2;1;2;1;2;2;1;1;2;2;2;2;2;2;2;2;2;2;2;2;2;2;2;6;0.2;0.3;0.4;0.533333333;4
2;2;2;2;1;2;1;2;1;2;1;2;2;1;1;2;2;2;2;2;2;2;2;2;2;2;2;2;2;2;6;0.2;0.3;0.4;0.533333333;5
2;2;2;2;1;2;1;2;1;2;1;2;2;1;1;2;2;2;2;2;2;2;2;2;2;2;2;2;2;2;6;0.2;0.3;0.4;0.566666667;6
2;2;2;2;1;2;1;2;1;2;1;2;2;1;1;2;2;2;2;2;2;2;2;2;2;2;2;2;2;2;6;0.2;0.3;0.4;0.6;7
2;2;2;2;1;2;1;2;1;2;2;2;2;1;1;2;2;2;2;2;2;2;2;2;2;2;2;2;2;2;5;0.166666667;0.3;0.366666667;0.6;8
2;2;2;2;1;2;1;2;1;2;2;2;2;1;1;2;2;2;2;2;2;2;2;2;2;2;2;2;2;2;5;0.166666667;0.266666667;0.366666667;0.6;9
2;2;2;2;1;2;1;2;1;2;2;2;2;1;1;2;2;2;2;2;2;2;2;2;2;2;2;2;2;2;5;0.166666667;0.266666667;0.4;0.6;10
2;2;2;2;1;2;1;2;1;2;2;2;2;1;1;2;2;2;2;2;2;2;2;2;2;2;2;2;2;2;5;0.166666667;0.266666667;0.4;0.6;11
2;2;2;2;1;2;1;2;1;2;2;2;2;1;1;2;2;2;2;2;2;2;2;2;2;2;2;2;2;2;5;0.166666667;0.266666667;0.4;0.6;12
2;2;2;2;1;2;1;2;2;2;2;2;2;1;1;2;2;2;2;2;2;2;2;2;2;2;2;2;2;2;4;0.133333333;0.266666667;0.4;0.6;13
2;2;2;2;1;2;1;2;2;2;2;2;2;1;1;2;2;2;2;2;2;2;2;2;2;2;2;2;2;2;4;0.133333333;0.266666667;0.4;0.633333333;14
2;2;2;2;1;2;1;2;2;2;2;2;2;1;1;2;2;2;2;2;2;2;2;2;2;2;2;2;2;2;4;0.133333333;0.266666667;0.4;0.666666667;15
2;2;2;2;2;2;1;2;2;2;2;2;2;1;1;2;2;2;2;2;2;2;2;2;2;2;2;2;2;2;3;0.1;0.233333333;0.4;0.7;16
2;2;2;2;2;2;1;2;2;2;2;2;2;1;1;2;2;2;2;2;2;2;2;2;2;2;2;2;2;2;3;0.1;0.233333333;0.4;0.7;17
2;2;2;2;2;2;1;2;2;2;2;2;2;1;1;2;2;2;2;2;2;2;2;2;2;2;2;2;2;2;3;0.1;0.233333333;0.4;0.7;18
2;2;2;2;2;2;1;2;2;2;2;2;2;1;1;2;2;2;2;2;2;2;2;2;2;2;2;2;2;2;3;0.1;0.233333333;0.4;0.7;19
2;2;2;2;2;2;1;2;2;2;2;2;2;1;1;2;2;2;2;2;2;2;2;2;2;2;2;2;2;2;3;0.1;0.233333333;0.4;0.7;20
2;2;2;2;2;2;1;2;2;2;2;2;2;1;1;2;2;2;2;2;2;2;2;2;2;2;2;2;2;2;3;0.1;0.233333333;0.433333333;0.7;21
2;2;2;2;2;2;1;2;2;2;2;2;2;1;1;2;2;2;2;2;2;2;2;2;2;2;2;2;2;2;3;0.1;0.266666667;0.466666667;0.7;22
2;2;2;2;2;2;1;2;2;2;2;2;2;1;1;2;2;2;2;2;2;2;2;2;2;2;2;2;2;2;3;0.1;0.266666667;0.466666667;0.7;23
2;2;2;2;2;2;1;2;2;2;2;2;2;1;1;2;2;2;2;2;2;2;2;2;2;2;2;2;2;2;3;0.1;0.266666667;0.466666667;0.7;24
2;2;2;2;2;2;1;2;2;2;2;2;2;1;1;2;2;2;2;2;2;2;2;2;2;2;2;2;2;2;3;0.1;0.266666667;0.466666667;0.7;25
2;2;2;2;2;2;1;2;2;2;2;2;2;1;1;2;2;2;2;2;2;2;2;2;2;2;2;2;2;2;3;0.1;0.266666667;0.466666667;0.733333333;26
2;2;2;2;2;2;1;2;2;2;2;2;2;1;1;2;2;2;2;2;2;2;2;2;2;2;2;2;2;2;3;0.1;0.266666667;0.433333333;0.733333333;27
2;2;2;2;2;2;1;2;2;2;2;2;2;1;1;2;2;2;2;2;2;2;2;2;2;2;2;2;2;2;3;0.1;0.266666667;0.433333333;0.733333333;28
2;2;2;2;2;2;1;2;2;2;2;2;2;1;1;2;2;2;2;2;2;2;2;2;2;2;2;2;2;2;3;0.1;0.266666667;0.433333333;0.733333333;29
2;2;2;2;2;2;1;2;2;2;2;2;2;1;1;2;2;2;2;2;2;2;2;2;2;2;2;2;2;2;3;0.1;0.266666667;0.433333333;0.766666667;30
2;2;2;2;2;2;1;2;2;2;2;2;2;1;1;2;2;2;2;2;2;2;2;2;2;2;2;2;2;2;3;0.1;0.266666667;0.433333333;0.766666667;31
2;2;2;2;2;2;1;2;2;2;2;2;2;1;1;2;2;2;2;2;2;2;2;2;2;2;2;2;2;2;3;0.1;0.266666667;0.433333333;0.766666667;32
2;2;2;2;2;2;1;2;2;2;2;2;2;1;1;2;2;2;2;2;2;2;2;2;2;2;2;2;2;2;3;0.1;0.233333333;0.433333333;0.766666667;33
2;2;2;2;2;2;1;2;2;2;2;2;2;1;1;2;2;2;2;2;2;2;2;2;2;2;2;2;2;2;3;0.1;0.233333333;0.433333333;0.766666667;34
2;2;2;2;2;2;1;2;2;2;2;2;2;1;1;2;2;2;2;2;2;2;2;2;2;2;2;2;2;2;3;0.1;0.233333333;0.433333333;0.766666667;35
2;2;2;2;2;2;1;2;2;2;2;2;2;1;1;2;2;2;2;2;2;2;2;2;2;2;2;2;2;2;3;0.1;0.233333333;0.433333333;0.766666667;36
2;2;2;2;2;2;1;2;2;2;2;2;2;1;1;2;2;2;2;2;2;2;2;2;2;2;2;2;2;2;3;0.1;0.233333333;0.433333333;0.766666667;37
2;2;2;2;2;2;1;2;2;2;2;2;2;1;1;2;2;2;2;2;2;2;2;2;2;2;2;2;2;2;3;0.1;0.233333333;0.433333333;0.766666667;38
2;2;2;2;2;2;1;2;2;2;2;2;2;1;1;2;2;2;2;2;2;2;2;2;2;2;2;2;2;2;3;0.1;0.233333333;0.433333333;0.766666667;39
2;2;2;2;2;2;1;2;2;2;2;2;2;1;1;2;2;2;2;2;2;2;2;2;2;2;2;2;2;2;3;0.1;0.233333333;0.433333333;0.766666667;40
2;2;2;2;2;2;1;2;2;2;2;2;2;1;1;2;2;2;2;2;2;2;2;2;2;2;2;2;2;2;3;0.1;0.233333333;0.433333333;0.8;41
2;2;2;2;2;2;1;2;2;2;2;2;2;1;1;2;2;2;2;2;2;2;2;2;2;2;2;2;2;2;3;0.1;0.2;0.433333333;0.8;42
2;2;2;2;2;2;1;2;2;2;2;2;2;1;1;2;2;2;2;2;2;2;2;2;2;2;2;2;2;2;3;0.1;0.2;0.433333333;0.8;43
2;2;2;2;2;2;1;2;2;2;2;2;2;1;1;2;2;2;2;2;2;2;2;2;2;2;2;2;2;2;3;0.1;0.2;0.433333333;0.8;44
2;2;2;2;2;2;1;2;2;2;2;2;2;1;1;2;2;2;2;2;2;2;2;2;2;2;2;2;2;2;3;0.1;0.2;0.433333333;0.8;45
2;2;2;2;2;2;1;2;2;2;2;2;2;1;1;2;2;2;2;2;2;2;2;2;2;2;2;2;2;2;3;0.1;0.2;0.433333333;0.8;46
2;2;2;2;2;2;1;2;2;2;2;2;2;1;1;2;2;2;2;2;2;2;2;2;2;2;2;2;2;2;3;0.1;0.166666667;0.433333333;0.8;47
2;2;2;2;2;2;1;2;2;2;2;2;2;1;1;2;2;2;2;2;2;2;2;2;2;2;2;2;2;2;3;0.1;0.166666667;0.433333333;0.8;48
2;2;2;2;2;2;1;2;2;2;2;2;2;1;1;2;2;2;2;2;2;2;2;2;2;2;2;2;2;2;3;0.1;0.133333333;0.433333333;0.833333333;49
2;2;2;2;2;2;1;2;2;2;2;2;2;1;1;2;2;2;2;2;2;2;2;2;2;2;2;2;2;2;3;0.1;0.133333333;0.433333333;0.833333333;50
2;2;2;2;2;2;1;2;2;2;2;2;2;1;1;2;2;2;2;2;2;2;2;2;2;2;2;2;2;2;3;0.1;0.133333333;0.433333333;0.833333333;51
2;2;2;2;2;2;2;2;2;2;2;2;2;1;1;2;2;2;2;2;2;2;2;2;2;2;2;2;2;2;2;0.066666667;0.133333333;0.433333333;0.833333333;52
2;2;2;2;2;2;2;2;2;2;2;2;2;1;1;2;2;2;2;2;2;2;2;2;2;2;2;2;2;2;2;0.066666667;0.133333333;0.433333333;0.833333333;53
2;2;2;2;2;2;2;2;2;2;2;2;2;1;1;2;2;2;2;2;2;2;2;2;2;2;2;2;2;2;2;0.066666667;0.133333333;0.433333333;0.833333333;54
2;2;2;2;2;2;2;2;2;2;2;2;2;1;1;2;2;2;2;2;2;2;2;2;2;2;2;2;2;2;2;0.066666667;0.133333333;0.433333333;0.833333333;55
2;2;2;2;2;2;2;2;2;2;2;2;2;1;1;2;2;2;2;2;2;2;2;2;2;2;2;2;2;2;2;0.066666667;0.133333333;0.433333333;0.833333333;56
2;2;2;2;2;2;2;2;2;2;2;2;2;1;1;2;2;2;2;2;2;2;2;2;2;2;2;2;2;2;2;0.066666667;0.133333333;0.433333333;0.833333333;57
2;2;2;2;2;2;2;2;2;2;2;2;2;1;1;2;2;2;2;2;2;2;2;2;2;2;2;2;2;2;2;0.066666667;0.133333333;0.433333333;0.833333333;58
2;2;2;2;2;2;2;2;2;2;2;2;2;1;1;2;2;2;2;2;2;2;2;2;2;2;2;2;2;2;2;0.066666667;0.133333333;0.433333333;0.833333333;59
2;2;2;2;2;2;2;2;2;2;2;2;2;1;1;2;2;2;2;2;2;2;2;2;2;2;2;2;2;2;2;0.066666667;0.133333333;0.433333333;0.833333333;60
2;2;2;2;2;2;2;2;2;2;2;2;2;1;1;2;2;2;2;2;2;2;2;2;2;2;2;2;2;2;2;0.066666667;0.133333333;0.433333333;0.866666667;61
2;2;2;2;2;2;2;2;2;2;2;2;2;1;1;2;2;2;2;2;2;2;2;2;2;2;2;2;2;2;2;0.066666667;0.133333333;0.433333333;0.866666667;62
2;2;2;2;2;2;2;2;2;2;2;2;2;1;1;2;2;2;2;2;2;2;2;2;2;2;2;2;2;2;2;0.066666667;0.133333333;0.433333333;0.866666667;63
2;2;2;2;2;2;2;2;2;2;2;2;2;1;1;2;2;2;2;2;2;2;2;2;2;2;2;2;2;2;2;0.066666667;0.133333333;0.433333333;0.866666667;64
2;2;2;2;2;2;2;2;2;2;2;2;2;1;1;2;2;2;2;2;2;2;2;2;2;2;2;2;2;2;2;0.066666667;0.133333333;0.433333333;0.866666667;65
2;2;2;2;2;2;2;2;2;2;2;2;2;1;1;2;2;2;2;2;2;2;2;2;2;2;2;2;2;2;2;0.066666667;0.133333333;0.433333333;0.866666667;66
2;2;2;2;2;2;2;2;2;2;2;2;2;1;1;2;2;2;2;2;2;2;2;2;2;2;2;2;2;2;2;0.066666667;0.133333333;0.433333333;0.9;67
2;2;2;2;2;2;2;2;2;2;2;2;2;1;1;2;2;2;2;2;2;2;2;2;2;2;2;2;2;2;2;0.066666667;0.133333333;0.433333333;0.9;68
2;2;2;2;2;2;2;2;2;2;2;2;2;1;1;2;2;2;2;2;2;2;2;2;2;2;2;2;2;2;2;0.066666667;0.133333333;0.433333333;0.9;69
2;2;2;2;2;2;2;2;2;2;2;2;2;1;1;2;2;2;2;2;2;2;2;2;2;2;2;2;2;2;2;0.066666667;0.133333333;0.433333333;0.9;70
2;2;2;2;2;2;2;2;2;2;2;2;2;1;1;2;2;2;2;2;2;2;2;2;2;2;2;2;2;2;2;0.066666667;0.133333333;0.433333333;0.9;71
2;2;2;2;2;2;2;2;2;2;2;2;2;1;1;2;2;2;2;2;2;2;2;2;2;2;2;2;2;2;2;0.066666667;0.133333333;0.433333333;0.9;72
2;2;2;2;2;2;2;2;2;2;2;2;2;1;1;2;2;2;2;2;2;2;2;2;2;2;2;2;2;2;2;0.066666667;0.133333333;0.433333333;0.9;73
2;2;2;2;2;2;2;2;2;2;2;2;2;1;1;2;2;2;2;2;2;2;2;2;2;2;2;2;2;2;2;0.066666667;0.1;0.433333333;0.9;74
2;2;2;2;2;2;2;2;2;2;2;2;2;1;1;2;2;2;2;2;2;2;2;2;2;2;2;2;2;2;2;0.066666667;0.1;0.433333333;0.9;75
2;2;2;2;2;2;2;2;2;2;2;2;2;1;1;2;2;2;2;2;2;2;2;2;2;2;2;2;2;2;2;0.066666667;0.1;0.433333333;0.9;76
2;2;2;2;2;2;2;2;2;2;2;2;2;1;1;2;2;2;2;2;2;2;2;2;2;2;2;2;2;2;2;0.066666667;0.1;0.433333333;0.9;77
2;2;2;2;2;2;2;2;2;2;2;2;2;1;1;2;2;2;2;2;2;2;2;2;2;2;2;2;2;2;2;0.066666667;0.1;0.433333333;0.9;78
2;2;2;2;2;2;2;2;2;2;2;2;2;1;1;2;2;2;2;2;2;2;2;2;2;2;2;2;2;2;2;0.066666667;0.1;0.433333333;0.9;79
2;2;2;2;2;2;2;2;2;2;2;2;2;2;1;2;2;2;2;2;2;2;2;2;2;2;2;2;2;2;1;0.033333333;0.1;0.433333333;0.9;80
2;2;2;2;2;2;2;2;2;2;2;2;2;2;1;2;2;2;2;2;2;2;2;2;2;2;2;2;2;2;1;0.033333333;0.1;0.433333333;0.9;81
2;2;2;2;2;2;2;2;2;2;2;2;2;2;1;2;2;2;2;2;2;2;2;2;2;2;2;2;2;2;1;0.033333333;0.1;0.433333333;0.9;82
2;2;2;2;2;2;2;2;2;2;2;2;2;2;1;2;2;2;2;2;2;2;2;2;2;2;2;2;2;2;1;0.033333333;0.1;0.433333333;0.9;83
2;2;2;2;2;2;2;2;2;2;2;2;2;2;1;2;2;2;2;2;2;2;2;2;2;2;2;2;2;2;1;0.033333333;0.1;0.4;0.9;84
2;2;2;2;2;2;2;2;2;2;2;2;2;2;1;2;2;2;2;2;2;2;2;2;2;2;2;2;2;2;1;0.033333333;0.1;0.4;0.9;85
2;2;2;2;2;2;2;2;2;2;2;2;2;2;1;2;2;2;2;2;2;2;2;2;2;2;2;2;2;2;1;0.033333333;0.1;0.4;0.9;86
2;2;2;2;2;2;2;2;2;2;2;2;2;2;1;2;2;2;2;2;2;2;2;2;2;2;2;2;2;2;1;0.033333333;0.1;0.4;0.9;87
2;2;2;2;2;2;2;2;2;2;2;2;2;2;1;2;2;2;2;2;2;2;2;2;2;2;2;2;2;2;1;0.033333333;0.1;0.4;0.9;88
2;2;2;2;2;2;2;2;2;2;2;2;2;2;1;2;2;2;2;2;2;2;2;2;2;2;2;2;2;2;1;0.033333333;0.1;0.4;0.9;89
2;2;2;2;2;2;2;2;2;2;2;2;2;2;1;2;2;2;2;2;2;2;2;2;2;2;2;2;2;2;1;0.033333333;0.1;0.4;0.9;90
2;2;2;2;2;2;2;2;2;2;2;2;2;2;1;2;2;2;2;2;2;2;2;2;2;2;2;2;2;2;1;0.033333333;0.1;0.4;0.9;91
2;2;2;2;2;2;2;2;2;2;2;2;2;2;1;2;2;2;2;2;2;2;2;2;2;2;2;2;2;2;1;0.033333333;0.1;0.4;0.9;92
2;2;2;2;2;2;2;2;2;2;2;2;2;2;1;2;2;2;2;2;2;2;2;2;2;2;2;2;2;2;1;0.033333333;0.1;0.4;0.9;93
2;2;2;2;2;2;2;2;2;2;2;2;2;2;1;2;2;2;2;2;2;2;2;2;2;2;2;2;2;2;1;0.033333333;0.1;0.4;0.9;94
2;2;2;2;2;2;2;2;2;2;2;2;2;2;1;2;2;2;2;2;2;2;2;2;2;2;2;2;2;2;1;0.033333333;0.1;0.4;0.9;95
2;2;2;2;2;2;2;2;2;2;2;2;2;2;1;2;2;2;2;2;2;2;2;2;2;2;2;2;2;2;1;0.033333333;0.1;0.4;0.9;96
2;2;2;2;2;2;2;2;2;2;2;2;2;2;1;2;2;2;2;2;2;2;2;2;2;2;2;2;2;2;1;0.033333333;0.1;0.4;0.9;97
2;2;2;2;2;2;2;2;2;2;2;2;2;2;1;2;2;2;2;2;2;2;2;2;2;2;2;2;2;2;1;0.033333333;0.1;0.4;0.933333333;98
2;2;2;2;2;2;2;2;2;2;2;2;2;2;1;2;2;2;2;2;2;2;2;2;2;2;2;2;2;2;1;0.033333333;0.1;0.4;0.933333333;99
2;2;2;2;2;2;2;2;2;2;2;2;2;2;1;2;2;2;2;2;2;2;2;2;2;2;2;2;2;2;1;0.033333333;0.1;0.4;0.933333333;100
2;2;2;2;2;2;2;2;2;2;2;2;2;2;1;2;2;2;2;2;2;2;2;2;2;2;2;2;2;2;1;0.033333333;0.1;0.4;0.933333333;101
2;2;2;2;2;2;2;2;2;2;2;2;2;2;1;2;2;2;2;2;2;2;2;2;2;2;2;2;2;2;1;0.033333333;0.1;0.4;0.933333333;102
2;2;2;2;2;2;2;2;2;2;2;2;2;2;1;2;2;2;2;2;2;2;2;2;2;2;2;2;2;2;1;0.033333333;0.1;0.4;0.933333333;103
2;2;2;2;2;2;2;2;2;2;2;2;2;2;1;2;2;2;2;2;2;2;2;2;2;2;2;2;2;2;1;0.033333333;0.1;0.4;0.966666667;104
2;2;2;2;2;2;2;2;2;2;2;2;2;2;1;2;2;2;2;2;2;2;2;2;2;2;2;2;2;2;1;0.033333333;0.1;0.4;0.966666667;105
2;2;2;2;2;2;2;2;2;2;2;2;2;2;1;2;2;2;2;2;2;2;2;2;2;2;2;2;2;2;1;0.033333333;0.066666667;0.4;1;106
2;2;2;2;2;2;2;2;2;2;2;2;2;2;1;2;2;2;2;2;2;2;2;2;2;2;2;2;2;2;1;0.033333333;0.066666667;0.4;1;107
2;2;2;2;2;2;2;2;2;2;2;2;2;2;1;2;2;2;2;2;2;2;2;2;2;2;2;2;2;2;1;0.033333333;0.066666667;0.4;1;108
2;2;2;2;2;2;2;2;2;2;2;2;2;2;1;2;2;2;2;2;2;2;2;2;2;2;2;2;2;2;1;0.033333333;0.066666667;0.4;1;109
2;2;2;2;2;2;2;2;2;2;2;2;2;2;1;2;2;2;2;2;2;2;2;2;2;2;2;2;2;2;1;0.033333333;0.066666667;0.4;1;110
2;2;2;2;2;2;2;2;2;2;2;2;2;2;1;2;2;2;2;2;2;2;2;2;2;2;2;2;2;2;1;0.033333333;0.066666667;0.4;1;111
2;2;2;2;2;2;2;2;2;2;2;2;2;2;1;2;2;2;2;2;2;2;2;2;2;2;2;2;2;2;1;0.033333333;0.066666667;0.366666667;1;112
2;2;2;2;2;2;2;2;2;2;2;2;2;2;1;2;2;2;2;2;2;2;2;2;2;2;2;2;2;2;1;0.033333333;0.066666667;0.366666667;1;113
2;2;2;2;2;2;2;2;2;2;2;2;2;2;1;2;2;2;2;2;2;2;2;2;2;2;2;2;2;2;1;0.033333333;0.066666667;0.366666667;1;114
2;2;2;2;2;2;2;2;2;2;2;2;2;2;1;2;2;2;2;2;2;2;2;2;2;2;2;2;2;2;1;0.033333333;0.066666667;0.366666667;1;115
2;2;2;2;2;2;2;2;2;2;2;2;2;2;1;2;2;2;2;2;2;2;2;2;2;2;2;2;2;2;1;0.033333333;0.066666667;0.366666667;1;116
2;2;2;2;2;2;2;2;2;2;2;2;2;2;1;2;2;2;2;2;2;2;2;2;2;2;2;2;2;2;1;0.033333333;0.066666667;0.366666667;1;117
2;2;2;2;2;2;2;2;2;2;2;2;2;2;1;2;2;2;2;2;2;2;2;2;2;2;2;2;2;2;1;0.033333333;0.033333333;0.366666667;1;118
2;2;2;2;2;2;2;2;2;2;2;2;2;2;1;2;2;2;2;2;2;2;2;2;2;2;2;2;2;2;1;0.033333333;0.033333333;0.366666667;1;119
2;2;2;2;2;2;2;2;2;2;2;2;2;2;1;2;2;2;2;2;2;2;2;2;2;2;2;2;2;2;1;0.033333333;0.033333333;0.366666667;1;120
2;2;2;2;2;2;2;2;2;2;2;2;2;2;1;2;2;2;2;2;2;2;2;2;2;2;2;2;2;2;1;0.033333333;0.033333333;0.366666667;1;121
2;2;2;2;2;2;2;2;2;2;2;2;2;2;1;2;2;2;2;2;2;2;2;2;2;2;2;2;2;2;1;0.033333333;0.033333333;0.366666667;1;122
2;2;2;2;2;2;2;2;2;2;2;2;2;2;1;2;2;2;2;2;2;2;2;2;2;2;2;2;2;2;1;0.033333333;0.033333333;0.366666667;1;123
2;2;2;2;2;2;2;2;2;2;2;2;2;2;1;2;2;2;2;2;2;2;2;2;2;2;2;2;2;2;1;0.033333333;0.033333333;0.366666667;1;124
2;2;2;2;2;2;2;2;2;2;2;2;2;2;1;2;2;2;2;2;2;2;2;2;2;2;2;2;2;2;1;0.033333333;0.033333333;0.366666667;1;125
2;2;2;2;2;2;2;2;2;2;2;2;2;2;1;2;2;2;2;2;2;2;2;2;2;2;2;2;2;2;1;0.033333333;0.033333333;0.366666667;1;126
2;2;2;2;2;2;2;2;2;2;2;2;2;2;1;2;2;2;2;2;2;2;2;2;2;2;2;2;2;2;1;0.033333333;0.033333333;0.366666667;1;127
2;2;2;2;2;2;2;2;2;2;2;2;2;2;1;2;2;2;2;2;2;2;2;2;2;2;2;2;2;2;1;0.033333333;0.033333333;0.366666667;1;128
2;2;2;2;2;2;2;2;2;2;2;2;2;2;1;2;2;2;2;2;2;2;2;2;2;2;2;2;2;2;1;0.033333333;0.033333333;0.366666667;1;129
2;2;2;2;2;2;2;2;2;2;2;2;2;2;1;2;2;2;2;2;2;2;2;2;2;2;2;2;2;2;1;0.033333333;0.033333333;0.366666667;1;130
2;2;2;2;2;2;2;2;2;2;2;2;2;2;1;2;2;2;2;2;2;2;2;2;2;2;2;2;2;2;1;0.033333333;0.033333333;0.366666667;1;131
2;2;2;2;2;2;2;2;2;2;2;2;2;2;1;2;2;2;2;2;2;2;2;2;2;2;2;2;2;2;1;0.033333333;0.033333333;0.366666667;1;132
2;2;2;2;2;2;2;2;2;2;2;2;2;2;1;2;2;2;2;2;2;2;2;2;2;2;2;2;2;2;1;0.033333333;0.033333333;0.366666667;1;133
2;2;2;2;2;2;2;2;2;2;2;2;2;2;1;2;2;2;2;2;2;2;2;2;2;2;2;2;2;2;1;0.033333333;0.033333333;0.366666667;1;134
2;2;2;2;2;2;2;2;2;2;2;2;2;2;1;2;2;2;2;2;2;2;2;2;2;2;2;2;2;2;1;0.033333333;0.033333333;0.333333333;1;135
2;2;2;2;2;2;2;2;2;2;2;2;2;2;1;2;2;2;2;2;2;2;2;2;2;2;2;2;2;2;1;0.033333333;0.033333333;0.333333333;1;136
2;2;2;2;2;2;2;2;2;2;2;2;2;2;1;2;2;2;2;2;2;2;2;2;2;2;2;2;2;2;1;0.033333333;0.033333333;0.333333333;1;137
2;2;2;2;2;2;2;2;2;2;2;2;2;2;1;2;2;2;2;2;2;2;2;2;2;2;2;2;2;2;1;0.033333333;0.033333333;0.333333333;1;138
2;2;2;2;2;2;2;2;2;2;2;2;2;2;1;2;2;2;2;2;2;2;2;2;2;2;2;2;2;2;1;0.033333333;0.033333333;0.333333333;1;139
2;2;2;2;2;2;2;2;2;2;2;2;2;2;1;2;2;2;2;2;2;2;2;2;2;2;2;2;2;2;1;0.033333333;0.033333333;0.333333333;1;140
2;2;2;2;2;2;2;2;2;2;2;2;2;2;1;2;2;2;2;2;2;2;2;2;2;2;2;2;2;2;1;0.033333333;0.033333333;0.333333333;1;141
;;;;;;;;;;;;;;;;;;;;;;;;;;;;;;;0;0.033333333;0.333333333;1;142
;;;;;;;;;;;;;;;;;;;;;;;;;;;;;;;0;0.033333333;0.333333333;1;143
;;;;;;;;;;;;;;;;;;;;;;;;;;;;;;;0;0.033333333;0.333333333;1;144
;;;;;;;;;;;;;;;;;;;;;;;;;;;;;;;0;0.033333333;0.333333333;1;145
;;;;;;;;;;;;;;;;;;;;;;;;;;;;;;;0;0.033333333;0.333333333;1;146
;;;;;;;;;;;;;;;;;;;;;;;;;;;;;;;0;0.033333333;0.3;1;147
;;;;;;;;;;;;;;;;;;;;;;;;;;;;;;;0;0.033333333;0.3;1;148
;;;;;;;;;;;;;;;;;;;;;;;;;;;;;;;0;0.033333333;0.3;1;149
;;;;;;;;;;;;;;;;;;;;;;;;;;;;;;;0;0.033333333;0.3;1;150
;;;;;;;;;;;;;;;;;;;;;;;;;;;;;;;0;0.033333333;0.3;1;151
;;;;;;;;;;;;;;;;;;;;;;;;;;;;;;;0;0.033333333;0.3;1;152
;;;;;;;;;;;;;;;;;;;;;;;;;;;;;;;0;0.033333333;0.3;1;153
;;;;;;;;;;;;;;;;;;;;;;;;;;;;;;;0;0.033333333;0.3;1;154
;;;;;;;;;;;;;;;;;;;;;;;;;;;;;;;0;0.033333333;0.3;1;155
;;;;;;;;;;;;;;;;;;;;;;;;;;;;;;;0;0.033333333;0.3;1;156
;;;;;;;;;;;;;;;;;;;;;;;;;;;;;;;0;0.033333333;0.3;1;157
;;;;;;;;;;;;;;;;;;;;;;;;;;;;;;;0;0.033333333;0.3;1;158
;;;;;;;;;;;;;;;;;;;;;;;;;;;;;;;0;0.033333333;0.3;1;159
;;;;;;;;;;;;;;;;;;;;;;;;;;;;;;;0;0.033333333;0.3;1;160
;;;;;;;;;;;;;;;;;;;;;;;;;;;;;;;0;0.033333333;0.3;1;161
;;;;;;;;;;;;;;;;;;;;;;;;;;;;;;;0;0.033333333;0.3;1;162
;;;;;;;;;;;;;;;;;;;;;;;;;;;;;;;0;0.033333333;0.3;1;163
;;;;;;;;;;;;;;;;;;;;;;;;;;;;;;;0;0.033333333;0.3;1;164
;;;;;;;;;;;;;;;;;;;;;;;;;;;;;;;0;0.033333333;0.3;1;165
;;;;;;;;;;;;;;;;;;;;;;;;;;;;;;;0;0.033333333;0.3;1;166
;;;;;;;;;;;;;;;;;;;;;;;;;;;;;;;0;0.033333333;0.3;1;167
;;;;;;;;;;;;;;;;;;;;;;;;;;;;;;;0;0.033333333;0.3;1;168
;;;;;;;;;;;;;;;;;;;;;;;;;;;;;;;0;0.033333333;0.3;1;169
;;;;;;;;;;;;;;;;;;;;;;;;;;;;;;;0;0.033333333;0.3;1;170
;;;;;;;;;;;;;;;;;;;;;;;;;;;;;;;0;0.033333333;0.3;1;171
;;;;;;;;;;;;;;;;;;;;;;;;;;;;;;;0;0.033333333;0.3;1;172
;;;;;;;;;;;;;;;;;;;;;;;;;;;;;;;0;0.033333333;0.3;1;173
;;;;;;;;;;;;;;;;;;;;;;;;;;;;;;;0;0.033333333;0.3;1;174
;;;;;;;;;;;;;;;;;;;;;;;;;;;;;;;0;0.033333333;0.3;1;175
;;;;;;;;;;;;;;;;;;;;;;;;;;;;;;;0;0.033333333;0.3;1;176
;;;;;;;;;;;;;;;;;;;;;;;;;;;;;;;0;0.033333333;0.3;1;177
;;;;;;;;;;;;;;;;;;;;;;;;;;;;;;;0;0.033333333;0.3;1;178
;;;;;;;;;;;;;;;;;;;;;;;;;;;;;;;0;0.033333333;0.3;1;179
;;;;;;;;;;;;;;;;;;;;;;;;;;;;;;;0;0.033333333;0.3;1;180
;;;;;;;;;;;;;;;;;;;;;;;;;;;;;;;0;0.033333333;0.3;1;181
;;;;;;;;;;;;;;;;;;;;;;;;;;;;;;;0;0.033333333;0.3;1;182
;;;;;;;;;;;;;;;;;;;;;;;;;;;;;;;0;0.033333333;0.3;1;183
;;;;;;;;;;;;;;;;;;;;;;;;;;;;;;;0;0.033333333;0.3;1;184
;;;;;;;;;;;;;;;;;;;;;;;;;;;;;;;0;0.033333333;0.3;1;185
;;;;;;;;;;;;;;;;;;;;;;;;;;;;;;;0;0.033333333;0.3;1;186
;;;;;;;;;;;;;;;;;;;;;;;;;;;;;;;0;0.033333333;0.3;1;187
;;;;;;;;;;;;;;;;;;;;;;;;;;;;;;;0;0.033333333;0.3;1;188
;;;;;;;;;;;;;;;;;;;;;;;;;;;;;;;0;0.033333333;0.3;1;189
;;;;;;;;;;;;;;;;;;;;;;;;;;;;;;;0;0.033333333;0.3;1;190
;;;;;;;;;;;;;;;;;;;;;;;;;;;;;;;0;0.033333333;0.3;1;191
;;;;;;;;;;;;;;;;;;;;;;;;;;;;;;;0;0.033333333;0.266666667;1;192
;;;;;;;;;;;;;;;;;;;;;;;;;;;;;;;0;0.033333333;0.266666667;1;193
;;;;;;;;;;;;;;;;;;;;;;;;;;;;;;;0;0.033333333;0.266666667;1;194
;;;;;;;;;;;;;;;;;;;;;;;;;;;;;;;0;0.033333333;0.266666667;1;195
;;;;;;;;;;;;;;;;;;;;;;;;;;;;;;;0;0.033333333;0.266666667;1;196
;;;;;;;;;;;;;;;;;;;;;;;;;;;;;;;0;0.033333333;0.266666667;1;197
;;;;;;;;;;;;;;;;;;;;;;;;;;;;;;;0;0.033333333;0.266666667;1;198
;;;;;;;;;;;;;;;;;;;;;;;;;;;;;;;0;0.033333333;0.266666667;1;199
;;;;;;;;;;;;;;;;;;;;;;;;;;;;;;;0;0.033333333;0.266666667;1;200
;;;;;;;;;;;;;;;;;;;;;;;;;;;;;;;0;0.033333333;0.266666667;1;201
;;;;;;;;;;;;;;;;;;;;;;;;;;;;;;;0;0.033333333;0.266666667;1;202
;;;;;;;;;;;;;;;;;;;;;;;;;;;;;;;0;0.033333333;0.266666667;1;203
;;;;;;;;;;;;;;;;;;;;;;;;;;;;;;;0;0.033333333;0.266666667;1;204
;;;;;;;;;;;;;;;;;;;;;;;;;;;;;;;0;0.033333333;0.266666667;1;205
;;;;;;;;;;;;;;;;;;;;;;;;;;;;;;;0;0.033333333;0.266666667;1;206
;;;;;;;;;;;;;;;;;;;;;;;;;;;;;;;0;0.033333333;0.266666667;1;207
;;;;;;;;;;;;;;;;;;;;;;;;;;;;;;;0;0.033333333;0.266666667;1;208
;;;;;;;;;;;;;;;;;;;;;;;;;;;;;;;0;0.033333333;0.266666667;1;209
;;;;;;;;;;;;;;;;;;;;;;;;;;;;;;;0;0.033333333;0.266666667;1;210
;;;;;;;;;;;;;;;;;;;;;;;;;;;;;;;0;0.033333333;0.266666667;1;211
;;;;;;;;;;;;;;;;;;;;;;;;;;;;;;;0;0.033333333;0.266666667;1;212
;;;;;;;;;;;;;;;;;;;;;;;;;;;;;;;0;0.033333333;0.266666667;1;213
;;;;;;;;;;;;;;;;;;;;;;;;;;;;;;;0;0.033333333;0.266666667;1;214
;;;;;;;;;;;;;;;;;;;;;;;;;;;;;;;0;0.033333333;0.266666667;1;215
;;;;;;;;;;;;;;;;;;;;;;;;;;;;;;;0;0.033333333;0.266666667;1;216
;;;;;;;;;;;;;;;;;;;;;;;;;;;;;;;0;0.033333333;0.266666667;1;217
;;;;;;;;;;;;;;;;;;;;;;;;;;;;;;;0;0.033333333;0.266666667;1;218
;;;;;;;;;;;;;;;;;;;;;;;;;;;;;;;0;0.033333333;0.266666667;1;219
;;;;;;;;;;;;;;;;;;;;;;;;;;;;;;;0;0.033333333;0.266666667;1;220
;;;;;;;;;;;;;;;;;;;;;;;;;;;;;;;0;0.033333333;0.266666667;1;221
;;;;;;;;;;;;;;;;;;;;;;;;;;;;;;;0;0.033333333;0.266666667;1;222
;;;;;;;;;;;;;;;;;;;;;;;;;;;;;;;0;0.033333333;0.266666667;1;223
;;;;;;;;;;;;;;;;;;;;;;;;;;;;;;;0;0.033333333;0.266666667;1;224
;;;;;;;;;;;;;;;;;;;;;;;;;;;;;;;0;0.033333333;0.266666667;1;225
;;;;;;;;;;;;;;;;;;;;;;;;;;;;;;;0;0.033333333;0.266666667;1;226
;;;;;;;;;;;;;;;;;;;;;;;;;;;;;;;0;0.033333333;0.266666667;1;227
;;;;;;;;;;;;;;;;;;;;;;;;;;;;;;;0;0.033333333;0.266666667;1;228
;;;;;;;;;;;;;;;;;;;;;;;;;;;;;;;0;0.033333333;0.266666667;1;229
;;;;;;;;;;;;;;;;;;;;;;;;;;;;;;;0;0.033333333;0.266666667;1;230
;;;;;;;;;;;;;;;;;;;;;;;;;;;;;;;0;0.033333333;0.266666667;1;231
;;;;;;;;;;;;;;;;;;;;;;;;;;;;;;;0;0.033333333;0.266666667;1;232
;;;;;;;;;;;;;;;;;;;;;;;;;;;;;;;0;0.033333333;0.266666667;1;233
;;;;;;;;;;;;;;;;;;;;;;;;;;;;;;;0;0.033333333;0.266666667;1;234
;;;;;;;;;;;;;;;;;;;;;;;;;;;;;;;0;0.033333333;0.266666667;1;235
;;;;;;;;;;;;;;;;;;;;;;;;;;;;;;;0;0.033333333;0.266666667;1;236
;;;;;;;;;;;;;;;;;;;;;;;;;;;;;;;0;0.033333333;0.233333333;1;237
;;;;;;;;;;;;;;;;;;;;;;;;;;;;;;;0;0.033333333;0.233333333;1;238
;;;;;;;;;;;;;;;;;;;;;;;;;;;;;;;0;0.033333333;0.233333333;1;239
;;;;;;;;;;;;;;;;;;;;;;;;;;;;;;;0;0.033333333;0.233333333;1;240
;;;;;;;;;;;;;;;;;;;;;;;;;;;;;;;0;0.033333333;0.233333333;1;241
;;;;;;;;;;;;;;;;;;;;;;;;;;;;;;;0;0.033333333;0.233333333;1;242
;;;;;;;;;;;;;;;;;;;;;;;;;;;;;;;0;0.033333333;0.233333333;1;243
;;;;;;;;;;;;;;;;;;;;;;;;;;;;;;;0;0.033333333;0.233333333;1;244
;;;;;;;;;;;;;;;;;;;;;;;;;;;;;;;0;0.033333333;0.233333333;1;245
;;;;;;;;;;;;;;;;;;;;;;;;;;;;;;;0;0.033333333;0.233333333;1;246
;;;;;;;;;;;;;;;;;;;;;;;;;;;;;;;0;0.033333333;0.233333333;1;247
;;;;;;;;;;;;;;;;;;;;;;;;;;;;;;;0;0.033333333;0.233333333;1;248
;;;;;;;;;;;;;;;;;;;;;;;;;;;;;;;0;0.033333333;0.233333333;1;249
;;;;;;;;;;;;;;;;;;;;;;;;;;;;;;;0;0.033333333;0.233333333;1;250
;;;;;;;;;;;;;;;;;;;;;;;;;;;;;;;0;0.033333333;0.233333333;1;251
;;;;;;;;;;;;;;;;;;;;;;;;;;;;;;;0;0.033333333;0.233333333;1;252
;;;;;;;;;;;;;;;;;;;;;;;;;;;;;;;0;0.033333333;0.233333333;1;253
;;;;;;;;;;;;;;;;;;;;;;;;;;;;;;;0;0.033333333;0.233333333;1;254
;;;;;;;;;;;;;;;;;;;;;;;;;;;;;;;0;0.033333333;0.233333333;1;255
;;;;;;;;;;;;;;;;;;;;;;;;;;;;;;;0;0.033333333;0.233333333;1;256
;;;;;;;;;;;;;;;;;;;;;;;;;;;;;;;0;0.033333333;0.233333333;1;257
;;;;;;;;;;;;;;;;;;;;;;;;;;;;;;;0;0.033333333;0.233333333;1;258
;;;;;;;;;;;;;;;;;;;;;;;;;;;;;;;0;0.033333333;0.233333333;1;259
;;;;;;;;;;;;;;;;;;;;;;;;;;;;;;;0;0.033333333;0.233333333;1;260
;;;;;;;;;;;;;;;;;;;;;;;;;;;;;;;0;0.033333333;0.233333333;1;261
;;;;;;;;;;;;;;;;;;;;;;;;;;;;;;;0;0.033333333;0.233333333;1;262
;;;;;;;;;;;;;;;;;;;;;;;;;;;;;;;0;0.033333333;0.233333333;1;263
;;;;;;;;;;;;;;;;;;;;;;;;;;;;;;;0;0.033333333;0.233333333;1;264
;;;;;;;;;;;;;;;;;;;;;;;;;;;;;;;0;0.033333333;0.233333333;1;265
;;;;;;;;;;;;;;;;;;;;;;;;;;;;;;;0;0.033333333;0.233333333;1;266
;;;;;;;;;;;;;;;;;;;;;;;;;;;;;;;0;0.033333333;0.233333333;1;267
;;;;;;;;;;;;;;;;;;;;;;;;;;;;;;;0;0.033333333;0.233333333;1;268
;;;;;;;;;;;;;;;;;;;;;;;;;;;;;;;0;0.033333333;0.233333333;1;269
;;;;;;;;;;;;;;;;;;;;;;;;;;;;;;;0;0.033333333;0.233333333;1;270
;;;;;;;;;;;;;;;;;;;;;;;;;;;;;;;0;0.033333333;0.233333333;1;271
;;;;;;;;;;;;;;;;;;;;;;;;;;;;;;;0;0.033333333;0.233333333;1;272
;;;;;;;;;;;;;;;;;;;;;;;;;;;;;;;0;0.033333333;0.233333333;1;273
;;;;;;;;;;;;;;;;;;;;;;;;;;;;;;;0;0.033333333;0.233333333;1;274
;;;;;;;;;;;;;;;;;;;;;;;;;;;;;;;0;0.033333333;0.233333333;1;275
;;;;;;;;;;;;;;;;;;;;;;;;;;;;;;;0;0.033333333;0.233333333;1;276
;;;;;;;;;;;;;;;;;;;;;;;;;;;;;;;0;0.033333333;0.233333333;1;277
;;;;;;;;;;;;;;;;;;;;;;;;;;;;;;;0;0.033333333;0.233333333;1;278
;;;;;;;;;;;;;;;;;;;;;;;;;;;;;;;0;0.033333333;0.233333333;1;279
;;;;;;;;;;;;;;;;;;;;;;;;;;;;;;;0;0.033333333;0.233333333;1;280
;;;;;;;;;;;;;;;;;;;;;;;;;;;;;;;0;0.033333333;0.233333333;1;281
;;;;;;;;;;;;;;;;;;;;;;;;;;;;;;;0;0.033333333;0.233333333;1;282
;;;;;;;;;;;;;;;;;;;;;;;;;;;;;;;0;0.033333333;0.233333333;1;283
;;;;;;;;;;;;;;;;;;;;;;;;;;;;;;;0;0.033333333;0.233333333;1;284
;;;;;;;;;;;;;;;;;;;;;;;;;;;;;;;0;0.033333333;0.233333333;1;285
;;;;;;;;;;;;;;;;;;;;;;;;;;;;;;;0;0.033333333;0.233333333;1;286
;;;;;;;;;;;;;;;;;;;;;;;;;;;;;;;0;0.033333333;0.233333333;1;287
;;;;;;;;;;;;;;;;;;;;;;;;;;;;;;;0;0.033333333;0.233333333;1;288
;;;;;;;;;;;;;;;;;;;;;;;;;;;;;;;0;0.033333333;0.233333333;1;289
;;;;;;;;;;;;;;;;;;;;;;;;;;;;;;;0;0.033333333;0.233333333;1;290
;;;;;;;;;;;;;;;;;;;;;;;;;;;;;;;0;0.033333333;0.233333333;1;291
;;;;;;;;;;;;;;;;;;;;;;;;;;;;;;;0;0.033333333;0.233333333;1;292
;;;;;;;;;;;;;;;;;;;;;;;;;;;;;;;0;0.033333333;0.233333333;1;293
;;;;;;;;;;;;;;;;;;;;;;;;;;;;;;;0;0.033333333;0.233333333;1;294
;;;;;;;;;;;;;;;;;;;;;;;;;;;;;;;0;0.033333333;0.233333333;1;295
;;;;;;;;;;;;;;;;;;;;;;;;;;;;;;;0;0.033333333;0.233333333;1;296
;;;;;;;;;;;;;;;;;;;;;;;;;;;;;;;0;0.033333333;0.233333333;1;297
;;;;;;;;;;;;;;;;;;;;;;;;;;;;;;;0;0.033333333;0.233333333;1;298
